id,first_name,last_name,email,gender,ip_address
1,Salomo,Skill,sskill0@businessinsider.com,Male,85.107.11.136
2,Dido,Breche,dbreche1@privacy.gov.au,Female,127.100.218.211
3,Christoforo,McClements,cmcclements2@economist.com,Male,66.84.129.212
4,Rufe,Dyball,rdyball3@chron.com,Male,233.172.18.148
5,Jackson,Noseworthy,jnoseworthy4@networkadvertising.org,Male,178.234.135.183
6,Peri,Klaves,pklaves5@ucsd.edu,Female,38.253.59.55
7,Emmalynne,Ginni,eginni6@miibeian.gov.cn,Female,223.147.23.174
8,Jordon,Riddington,jriddington7@histats.com,Male,248.192.6.158
9,Terrijo,Busen,tbusen8@constantcontact.com,Female,143.48.115.249
10,Genevra,Lovick,glovick9@usda.gov,Genderqueer,72.107.116.165
11,Rica,Chauvey,rchauveya@yahoo.com,Female,202.4.144.244
12,Katharina,Fawlks,kfawlksb@netlog.com,Female,14.78.0.134
13,Saxe,Laight,slaightc@vkontakte.ru,Male,97.249.1.217
14,Garek,Itzhak,gitzhakd@thetimes.co.uk,Male,147.64.192.58
15,Benita,Berthome,bberthomee@oracle.com,Female,100.239.84.181
16,Ted,Burress,tburressf@usnews.com,Male,47.245.111.17
17,Patsy,Stickells,pstickellsg@bloglines.com,Male,26.97.212.183
18,Marlene,Darnbrough,mdarnbroughh@weebly.com,Female,173.26.104.121
19,Miner,Graeser,mgraeseri@flickr.com,Male,251.49.89.137
20,Silvain,Iorizzi,siorizzij@123-reg.co.uk,Male,207.41.120.173
21,Lawton,Edgeley,ledgeleyk@sogou.com,Male,167.49.165.156
22,Kellie,Gulliman,kgullimanl@adobe.com,Female,214.119.26.80
23,Cheslie,Alven,calvenm@bravesites.com,Female,142.205.40.77
24,Melissa,Chartre,mchartren@hostgator.com,Female,184.7.23.237
25,Gerrie,Redgewell,gredgewello@xinhuanet.com,Female,158.182.142.65
26,Malchy,Leed,mleedp@digg.com,Male,211.36.186.158
27,Bianca,Radenhurst,bradenhurstq@ucla.edu,Female,218.101.216.105
28,Sibylle,Esselen,sesselenr@thetimes.co.uk,Female,248.62.14.75
29,Harwilll,Downey,hdowneys@miitbeian.gov.cn,Male,237.32.25.4
30,Monti,Robardley,mrobardleyt@bizjournals.com,Male,212.100.132.100
31,Hieronymus,Macak,hmacaku@youku.com,Male,239.7.166.13
32,Iago,Hethron,ihethronv@cmu.edu,Male,217.1.198.117
33,Hernando,Giorgielli,hgiorgielliw@google.co.uk,Male,9.159.44.202
34,Vinnie,Eddowis,veddowisx@fastcompany.com,Female,0.7.49.210
35,Liv,Eastop,leastopy@canalblog.com,Female,231.132.86.159
36,Clementia,Bratch,cbratchz@opensource.org,Female,77.167.87.218
37,Amerigo,Croke,acroke10@elpais.com,Male,167.75.185.250
38,Des,Rishbrook,drishbrook11@livejournal.com,Male,161.96.106.15
39,Juliette,Melan,jmelan12@yelp.com,Female,252.122.186.135
40,Lurleen,Dibley,ldibley13@blogs.com,Genderqueer,226.30.175.179
41,Clair,Belchamber,cbelchamber14@hugedomains.com,Female,76.108.255.90
42,Karoline,Ducket,kducket15@chicagotribune.com,Female,74.212.126.183
43,Gregoire,Dunderdale,gdunderdale16@g.co,Male,99.158.159.44
44,Keary,Cossons,kcossons17@cam.ac.uk,Male,66.33.50.76
45,Robbert,Hairsnape,rhairsnape18@smh.com.au,Male,171.205.31.209
46,Wright,Clibbery,wclibbery19@marriott.com,Male,131.167.111.228
47,Reinaldos,Benning,rbenning1a@gravatar.com,Male,253.157.46.118
48,Noah,Hinchon,nhinchon1b@mozilla.org,Male,14.164.228.86
49,Marley,Gilchrest,mgilchrest1c@cnbc.com,Female,76.114.177.161
50,Urban,Maron,umaron1d@uiuc.edu,Male,157.37.123.77
51,Tanner,Lydiate,tlydiate1e@msu.edu,Non-binary,240.154.187.111
52,Gerri,MacGahey,gmacgahey1f@bloomberg.com,Male,162.86.252.190
53,Othello,Binestead,obinestead1g@indiegogo.com,Agender,230.127.150.249
54,Judon,Denne,jdenne1h@amazon.co.uk,Male,235.91.250.167
55,Mikael,Jennick,mjennick1i@yahoo.co.jp,Male,103.43.251.198
56,Kalindi,Bucknall,kbucknall1j@dot.gov,Female,143.56.4.34
57,Shir,Beidebeke,sbeidebeke1k@prlog.org,Female,94.26.208.37
58,Alfons,Bennetts,abennetts1l@quantcast.com,Male,157.1.164.33
59,Granville,Fleote,gfleote1m@businesswire.com,Male,200.120.54.42
60,Wallis,Lindstrom,wlindstrom1n@youku.com,Female,41.109.56.178
61,Gilemette,Arkley,garkley1o@forbes.com,Agender,227.134.198.99
62,Ruperto,Thomann,rthomann1p@ca.gov,Non-binary,7.16.206.154
63,Jenni,Gregolin,jgregolin1q@istockphoto.com,Female,33.2.134.62
64,Winthrop,Bittlestone,wbittlestone1r@netvibes.com,Male,145.77.37.59
65,Zuzana,Joplin,zjoplin1s@webmd.com,Female,229.227.128.161
66,Cary,Dietz,cdietz1t@icio.us,Female,68.157.42.94
67,Fayth,Candlin,fcandlin1u@list-manage.com,Female,251.240.36.126
68,Hildagard,Kelle,hkelle1v@sphinn.com,Female,55.70.8.147
69,Cam,Blazey,cblazey1w@blog.com,Male,24.61.211.205
70,Benita,Mullan,bmullan1x@fema.gov,Female,2.196.51.198
71,Dewey,Snoxell,dsnoxell1y@squarespace.com,Male,55.233.147.244
72,Sibella,Grierson,sgrierson1z@shinystat.com,Female,29.28.110.125
73,Malcolm,Stennine,mstennine20@smugmug.com,Male,6.74.147.245
74,Gregor,Sodo,gsodo21@ifeng.com,Male,173.183.29.250
75,Daryn,Vevers,dvevers22@mlb.com,Female,71.128.63.10
76,Kyle,Breckenridge,kbreckenridge23@nhs.uk,Female,172.239.170.141
77,Suzann,Joesbury,sjoesbury24@wikimedia.org,Female,116.112.127.170
78,Pennie,Zum Felde,pzumfelde25@nsw.gov.au,Male,113.227.26.89
79,Durante,Fildes,dfildes26@linkedin.com,Male,62.168.1.1
80,Willy,Ellesmere,wellesmere27@jiathis.com,Male,31.83.38.237
81,Nickie,Maffini,nmaffini28@amazon.com,Female,16.72.253.185
82,Alvinia,Hexam,ahexam29@google.com,Female,105.84.106.220
83,Wright,Senecaux,wsenecaux2a@goodreads.com,Male,79.108.130.25
84,Reyna,Hufton,rhufton2b@blog.com,Female,32.4.55.235
85,Sibilla,Lovstrom,slovstrom2c@cbslocal.com,Female,213.235.141.136
86,Nathalia,Gook,ngook2d@walmart.com,Polygender,219.149.74.202
87,Darn,Broadist,dbroadist2e@abc.net.au,Male,18.118.144.56
88,Marissa,Primak,mprimak2f@nifty.com,Female,104.88.137.85
89,Wain,Galego,wgalego2g@columbia.edu,Male,213.165.78.217
90,Micheline,Foy,mfoy2h@wisc.edu,Female,212.132.46.90
91,Rania,Ebbings,rebbings2i@virginia.edu,Female,150.148.232.241
92,Nehemiah,Wegman,nwegman2j@harvard.edu,Male,101.29.246.48
93,Leonidas,Schroeder,lschroeder2k@marriott.com,Male,93.141.86.163
94,Titus,Hardisty,thardisty2l@accuweather.com,Genderqueer,16.77.80.75
95,Tedd,Marquet,tmarquet2m@craigslist.org,Male,96.45.43.80
96,Vinson,Stabbins,vstabbins2n@nasa.gov,Male,68.112.56.230
97,Rainer,Kobierski,rkobierski2o@altervista.org,Male,88.117.129.205
98,Estrella,Lelievre,elelievre2p@craigslist.org,Female,203.23.238.51
99,Franky,Jankowski,fjankowski2q@skyrock.com,Female,82.252.144.221
100,Dulci,Tristram,dtristram2r@squidoo.com,Female,168.248.247.17
101,King,Luna,kluna2s@cargocollective.com,Male,62.187.147.151
102,Algernon,Stonehewer,astonehewer2t@google.com.br,Male,255.195.47.241
103,Hendrick,Baxstar,hbaxstar2u@gov.uk,Male,102.97.108.227
104,Loni,Voase,lvoase2v@dmoz.org,Female,87.45.225.115
105,Karisa,Fehner,kfehner2w@vk.com,Female,52.163.161.139
106,Hayden,Hainsworth,hhainsworth2x@360.cn,Male,49.99.22.108
107,Mic,Huxstep,mhuxstep2y@vkontakte.ru,Male,159.78.78.54
108,Gwennie,Ollerearnshaw,gollerearnshaw2z@zimbio.com,Female,215.113.168.215
109,Kendall,Clemon,kclemon30@fc2.com,Male,219.41.20.128
110,Flori,Meineck,fmeineck31@reverbnation.com,Female,78.178.205.180
111,Rebeca,O'Toole,rotoole32@parallels.com,Female,230.177.36.197
112,Mort,Champerlen,mchamperlen33@state.gov,Male,233.244.217.47
113,Aurelie,Matzkaitis,amatzkaitis34@goo.gl,Female,242.138.159.45
114,Bamby,Clews,bclews35@com.com,Female,36.158.117.216
115,Bamby,Spellworth,bspellworth36@bing.com,Female,240.217.151.79
116,Mellisent,Klesel,mklesel37@cam.ac.uk,Polygender,93.192.22.180
117,Reggie,Ridewood,rridewood38@alexa.com,Male,67.134.165.35
118,Karlis,Blackstone,kblackstone39@godaddy.com,Male,148.31.171.194
119,Trstram,Garr,tgarr3a@businesswire.com,Male,5.124.255.242
120,Eli,McGookin,emcgookin3b@arstechnica.com,Male,198.234.194.178
121,Marquita,Wolfit,mwolfit3c@wired.com,Female,35.109.155.43
122,Corissa,Matasov,cmatasov3d@answers.com,Female,163.121.86.160
123,Leigh,Dutnell,ldutnell3e@jiathis.com,Female,235.80.149.222
124,Bobinette,LeEstut,bleestut3f@bigcartel.com,Female,64.243.182.226
125,Eilis,Pullen,epullen3g@admin.ch,Female,169.236.92.201
126,Barrie,MacAlroy,bmacalroy3h@state.tx.us,Genderqueer,203.76.237.64
127,Mort,Botterill,mbotterill3i@google.com.br,Male,206.105.81.246
128,Henderson,Gutherson,hgutherson3j@webs.com,Male,1.195.82.41
129,Goldie,Bowe,gbowe3k@sphinn.com,Female,187.146.41.21
130,Dallas,Craigg,dcraigg3l@oracle.com,Male,202.135.244.111
131,Chaddie,Peyes,cpeyes3m@cam.ac.uk,Male,130.106.236.37
132,Boy,Spencer,bspencer3n@army.mil,Male,189.198.199.239
133,Hobart,Garfit,hgarfit3o@xinhuanet.com,Male,89.213.168.195
134,Antonie,Janodet,ajanodet3p@state.tx.us,Female,109.107.0.49
135,Wright,Barta,wbarta3q@paginegialle.it,Male,182.15.252.135
136,Ruby,Foale,rfoale3r@jigsy.com,Female,66.212.245.79
137,Matthaeus,Addekin,maddekin3s@symantec.com,Male,120.193.180.28
138,Juline,Roocroft,jroocroft3t@bloglines.com,Female,58.161.130.58
139,Cairistiona,Meiner,cmeiner3u@plala.or.jp,Female,4.173.225.151
140,Clarie,Russo,crusso3v@webeden.co.uk,Non-binary,235.33.111.183
141,Mahmud,Gerrett,mgerrett3w@bbc.co.uk,Male,130.28.36.204
142,Rolando,Koomar,rkoomar3x@angelfire.com,Male,173.238.126.40
143,Rasla,Conyer,rconyer3y@cbc.ca,Female,99.21.181.214
144,Garrek,Stitcher,gstitcher3z@accuweather.com,Male,130.165.152.32
145,Alard,Domesday,adomesday40@netvibes.com,Male,222.154.127.157
146,Maitilde,Tzuker,mtzuker41@hostgator.com,Female,14.0.255.116
147,Veriee,Piet,vpiet42@hud.gov,Female,152.185.106.247
148,Kennan,Glassman,kglassman43@yale.edu,Male,16.40.104.235
149,Meridel,McIlharga,mmcilharga44@livejournal.com,Female,74.87.5.198
150,Nickolaus,Scroggie,nscroggie45@pinterest.com,Male,203.16.221.30
151,Dwight,Offiler,doffiler46@privacy.gov.au,Agender,139.19.253.253
152,Doralyn,Coakley,dcoakley47@cdc.gov,Genderqueer,200.188.103.181
153,Sandie,Beakes,sbeakes48@infoseek.co.jp,Female,15.155.247.117
154,Evangelin,Rookwell,erookwell49@seattletimes.com,Female,4.29.144.213
155,Tedd,Millican,tmillican4a@engadget.com,Male,33.121.123.66
156,Alli,Tebbs,atebbs4b@deliciousdays.com,Female,10.211.44.23
157,Carroll,Hounsom,chounsom4c@github.com,Male,161.23.80.16
158,Felice,Ferguson,fferguson4d@nationalgeographic.com,Male,168.39.57.235
159,Tuesday,Larsen,tlarsen4e@cisco.com,Female,173.88.134.206
160,Ashby,Ubsdell,aubsdell4f@networksolutions.com,Non-binary,48.64.11.37
161,Dynah,Coade,dcoade4g@wikia.com,Female,146.235.104.72
162,Tamiko,Abrahmovici,tabrahmovici4h@infoseek.co.jp,Female,65.165.121.119
163,Elbertina,Franck,efranck4i@psu.edu,Female,124.169.154.31
164,Petronella,Dell'Abbate,pdellabbate4j@skype.com,Agender,42.142.50.88
165,Odele,Cotelard,ocotelard4k@narod.ru,Female,244.53.21.136
166,Olimpia,Melwall,omelwall4l@gizmodo.com,Female,46.135.209.98
167,Alfi,Hanbury,ahanbury4m@freewebs.com,Female,241.105.77.4
168,Rex,Lenormand,rlenormand4n@indiatimes.com,Male,182.134.113.145
169,Trudi,Jurisic,tjurisic4o@slideshare.net,Female,253.132.81.108
170,Giacomo,Raftery,graftery4p@umich.edu,Male,69.80.91.241
171,Archibald,Dalliwater,adalliwater4q@oakley.com,Male,29.174.237.166
172,Joanie,Culbert,jculbert4r@dailymotion.com,Female,202.183.21.21
173,Jordan,Driutti,jdriutti4s@yahoo.co.jp,Female,22.10.197.242
174,Chaunce,Pollastro,cpollastro4t@indiegogo.com,Male,28.1.149.108
175,Cris,Steinham,csteinham4u@comcast.net,Polygender,43.28.223.195
176,Emile,Hallstone,ehallstone4v@buzzfeed.com,Male,135.12.213.57
177,Birgit,Daniely,bdaniely4w@bloglovin.com,Female,96.135.113.114
178,Natalie,Callicott,ncallicott4x@ovh.net,Female,25.36.49.110
179,Ellen,Dougherty,edougherty4y@seattletimes.com,Non-binary,251.210.38.103
180,Anatol,Sharram,asharram4z@dmoz.org,Male,96.8.56.101
181,Ave,Ellcome,aellcome50@sbwire.com,Male,180.137.152.101
182,Tawsha,Downey,tdowney51@51.la,Female,56.77.181.68
183,Kalina,Phibb,kphibb52@whitehouse.gov,Female,114.43.104.191
184,Loy,Pinson,lpinson53@google.it,Male,179.90.117.179
185,Meta,Jaqueminet,mjaqueminet54@earthlink.net,Female,252.124.175.135
186,Dorey,Fryer,dfryer55@moonfruit.com,Male,79.72.26.35
187,Darius,Rykert,drykert56@tuttocitta.it,Non-binary,246.239.0.165
188,Britteny,MacArthur,bmacarthur57@wix.com,Female,138.179.229.201
189,Lilas,Shillabear,lshillabear58@ovh.net,Female,109.148.97.2
190,Rahal,Titmus,rtitmus59@github.com,Female,159.173.96.183
191,Corey,Obern,cobern5a@washingtonpost.com,Female,172.25.69.255
192,Ogden,Poltun,opoltun5b@telegraph.co.uk,Male,35.62.223.58
193,Rhianna,Tice,rtice5c@nymag.com,Bigender,45.48.223.164
194,Ilario,Leile,ileile5d@economist.com,Male,27.111.77.231
195,Sergent,Govenlock,sgovenlock5e@google.cn,Male,129.46.25.176
196,Lotty,Snelson,lsnelson5f@abc.net.au,Female,56.62.62.221
197,Michal,Chaffe,mchaffe5g@aol.com,Female,234.111.192.75
198,Inesita,Alway,ialway5h@cornell.edu,Female,125.204.235.62
199,Rebbecca,Doman,rdoman5i@npr.org,Female,199.44.232.149
200,Durward,Khalid,dkhalid5j@tuttocitta.it,Male,186.216.115.60
201,Dwayne,McBrier,dmcbrier5k@yandex.ru,Male,29.44.228.30
202,Daphna,Giacobo,dgiacobo5l@sciencedirect.com,Female,27.155.133.3
203,Lisha,Capewell,lcapewell5m@nymag.com,Female,16.126.48.27
204,Marcille,Sandry,msandry5n@digg.com,Female,231.240.214.149
205,Ericha,Medlicott,emedlicott5o@whitehouse.gov,Female,246.51.202.239
206,Isaiah,Padden,ipadden5p@vinaora.com,Male,247.210.124.34
207,Byram,Ashborn,bashborn5q@wix.com,Male,19.32.247.222
208,Friederike,Sackett,fsackett5r@bloglines.com,Polygender,12.34.224.135
209,Lanny,Warsap,lwarsap5s@umn.edu,Male,130.16.213.87
210,Elfrida,Humpatch,ehumpatch5t@dyndns.org,Female,49.137.116.238
211,Dasi,Benedite,dbenedite5u@accuweather.com,Female,205.52.9.68
212,Hinda,Cornu,hcornu5v@issuu.com,Female,205.10.160.63
213,Buiron,Swiffan,bswiffan5w@blogspot.com,Male,169.222.137.14
214,Maryellen,Nunan,mnunan5x@blinklist.com,Female,77.107.119.243
215,Bertine,Fanti,bfanti5y@illinois.edu,Female,66.155.7.83
216,Else,Ferfulle,eferfulle5z@who.int,Female,134.35.119.20
217,Chelsy,Dundredge,cdundredge60@microsoft.com,Female,89.148.34.227
218,Maryl,Wisdish,mwisdish61@geocities.com,Female,84.218.44.214
219,Gerta,Manford,gmanford62@photobucket.com,Female,124.126.251.235
220,Meaghan,Cox,mcox63@admin.ch,Bigender,217.211.64.116
221,Erastus,Guiness,eguiness64@slideshare.net,Male,179.4.131.78
222,Broderick,Quadling,bquadling65@mediafire.com,Male,106.201.92.149
223,Amitie,Mosley,amosley66@dailymotion.com,Female,152.174.222.1
224,Pernell,Nesbit,pnesbit67@epa.gov,Male,27.19.172.181
225,Shari,McGennis,smcgennis68@slideshare.net,Female,43.56.171.245
226,Iosep,Furtado,ifurtado69@reference.com,Male,222.21.60.21
227,Tressa,Shord,tshord6a@cpanel.net,Female,54.202.160.172
228,Pavla,Arckoll,parckoll6b@addthis.com,Female,102.122.205.52
229,Arte,Durham,adurham6c@goo.ne.jp,Male,2.145.108.228
230,Jess,Wiltshaw,jwiltshaw6d@163.com,Female,24.129.34.9
231,Dov,Croasdale,dcroasdale6e@gizmodo.com,Male,148.240.94.20
232,Avigdor,Caldeyroux,acaldeyroux6f@bloomberg.com,Male,5.147.135.48
233,Lorne,Bonifazio,lbonifazio6g@thetimes.co.uk,Male,11.212.180.45
234,Ches,Spottswood,cspottswood6h@t-online.de,Male,27.32.224.215
235,Read,Jillard,rjillard6i@webeden.co.uk,Male,225.160.77.225
236,Hayyim,Millsom,hmillsom6j@multiply.com,Male,250.100.156.115
237,Husein,Fozzard,hfozzard6k@dedecms.com,Male,188.80.102.154
238,Beale,Maidstone,bmaidstone6l@desdev.cn,Male,250.226.105.242
239,Cathleen,Bernardoux,cbernardoux6m@theguardian.com,Female,87.73.83.246
240,Teodor,Pringell,tpringell6n@fastcompany.com,Male,4.83.61.205
241,Paton,Ainsby,painsby6o@so-net.ne.jp,Male,234.88.219.197
242,Sumner,Coppens,scoppens6p@amazon.com,Male,76.43.153.227
243,Flora,Olsson,folsson6q@forbes.com,Female,35.26.21.60
244,Stacey,Bellee,sbellee6r@booking.com,Female,118.211.168.19
245,Laurianne,Naulls,lnaulls6s@ted.com,Female,210.41.155.61
246,Marwin,Serchwell,mserchwell6t@163.com,Male,235.80.104.129
247,Christoph,Maidens,cmaidens6u@youku.com,Male,77.126.182.206
248,Paule,Ree,pree6v@virginia.edu,Female,190.224.148.20
249,Patton,Kennerley,pkennerley6w@feedburner.com,Male,14.15.221.107
250,Ross,Shekle,rshekle6x@topsy.com,Male,102.63.23.235
251,Dory,Willarton,dwillarton6y@nps.gov,Male,24.1.107.8
252,Skipper,Goodee,sgoodee6z@cbc.ca,Male,228.185.212.4
253,Bronnie,McKeever,bmckeever70@example.com,Male,218.240.152.167
254,Boris,Kinglesyd,bkinglesyd71@cbslocal.com,Male,241.216.233.198
255,Rockwell,Grivori,rgrivori72@nydailynews.com,Agender,198.247.183.98
256,Allis,Henfre,ahenfre73@sbwire.com,Female,127.227.74.86
257,Llywellyn,Coaten,lcoaten74@gov.uk,Male,208.87.87.145
258,Hailey,Londesborough,hlondesborough75@fda.gov,Male,90.133.22.155
259,Neils,Conford,nconford76@etsy.com,Male,232.150.62.115
260,Court,Endrici,cendrici77@sbwire.com,Male,244.10.231.100
261,Jerrine,Dryden,jdryden78@booking.com,Female,244.163.252.232
262,Tabbi,Dunkerly,tdunkerly79@fotki.com,Female,137.203.241.86
263,Tanner,Bisterfeld,tbisterfeld7a@economist.com,Male,83.18.32.102
264,Marigold,Dawdary,mdawdary7b@4shared.com,Female,133.197.210.87
265,Jesselyn,Wynn,jwynn7c@apple.com,Female,3.20.42.76
266,Jereme,Lartice,jlartice7d@liveinternet.ru,Male,74.202.155.124
267,Leanora,Strover,lstrover7e@exblog.jp,Female,97.90.144.187
268,Brook,Allain,ballain7f@washington.edu,Agender,79.192.135.182
269,Alvin,MacAlister,amacalister7g@homestead.com,Male,112.11.137.33
270,Molli,Gresham,mgresham7h@jimdo.com,Female,105.142.99.104
271,Fiorenze,McVey,fmcvey7i@home.pl,Female,132.116.157.15
272,Elyn,Earle,eearle7j@fc2.com,Female,231.42.168.220
273,Theresita,Sylett,tsylett7k@homestead.com,Female,119.119.210.187
274,Joya,Welling,jwelling7l@printfriendly.com,Female,30.253.213.87
275,Faun,Style,fstyle7m@ning.com,Genderqueer,197.134.0.146
276,Ronna,Livsey,rlivsey7n@sogou.com,Female,234.227.113.28
277,Chris,Sidney,csidney7o@microsoft.com,Male,206.255.22.49
278,Erie,Jillard,ejillard7p@boston.com,Male,34.9.215.200
279,Griff,Hathwood,ghathwood7q@gnu.org,Male,148.254.231.238
280,Elene,Ferrarin,eferrarin7r@wordpress.org,Female,144.88.246.225
281,Josiah,Croome,jcroome7s@java.com,Male,98.196.1.243
282,Orson,Yglesias,oyglesias7t@photobucket.com,Male,220.248.3.92
283,Frankie,Gerard,fgerard7u@facebook.com,Female,216.88.219.47
284,Josephine,Ogger,jogger7v@people.com.cn,Female,21.206.64.159
285,Missy,Scanderet,mscanderet7w@netlog.com,Genderqueer,5.226.49.21
286,Hester,Vondra,hvondra7x@nifty.com,Female,96.40.253.212
287,Valery,Klampk,vklampk7y@chronoengine.com,Female,97.196.236.189
288,Orelee,Pouton,opouton7z@hc360.com,Female,46.207.99.196
289,Binny,Caherny,bcaherny80@wikispaces.com,Female,188.187.137.206
290,Nick,Bonnesen,nbonnesen81@posterous.com,Male,229.198.221.253
291,Toinette,Antoniewski,tantoniewski82@ucoz.ru,Female,237.246.33.185
292,Prentiss,Amthor,pamthor83@webeden.co.uk,Male,87.41.135.250
293,Pauli,Perago,pperago84@opera.com,Female,24.62.138.137
294,Helenka,Adamini,hadamini85@diigo.com,Female,144.5.202.21
295,Hedi,Dillow,hdillow86@nydailynews.com,Female,248.87.226.122
296,Sharla,Espada,sespada87@behance.net,Female,254.157.159.101
297,Charlie,Brewett,cbrewett88@1688.com,Male,126.252.45.180
298,Darsie,Seabrooke,dseabrooke89@freewebs.com,Female,203.86.27.235
299,Sianna,Grieg,sgrieg8a@utexas.edu,Female,209.235.54.110
300,Xenos,Battill,xbattill8b@chicagotribune.com,Male,94.156.218.38
301,Maud,Walkington,mwalkington8c@newyorker.com,Female,16.69.98.3
302,Kylie,Antal,kantal8d@cbc.ca,Male,195.169.78.252
303,Pavlov,Skedgell,pskedgell8e@netlog.com,Male,197.11.40.215
304,Nessa,Margerison,nmargerison8f@irs.gov,Female,16.162.94.172
305,Demetrius,Schaffler,dschaffler8g@storify.com,Male,255.161.91.150
306,Ambrosio,Elijah,aelijah8h@vinaora.com,Male,182.58.6.218
307,Stesha,Toleman,stoleman8i@123-reg.co.uk,Female,60.131.112.10
308,Brandyn,Tumayan,btumayan8j@opensource.org,Male,128.38.217.182
309,Thibaud,Lineker,tlineker8k@ocn.ne.jp,Male,213.187.30.62
310,Durward,Romei,dromei8l@imgur.com,Male,99.129.164.46
311,Alidia,Cutill,acutill8m@usnews.com,Female,210.180.13.127
312,Kennedy,Furmage,kfurmage8n@ihg.com,Polygender,36.8.6.143
313,Faulkner,Jacquest,fjacquest8o@china.com.cn,Male,182.57.175.218
314,Timotheus,Ralton,tralton8p@storify.com,Male,204.128.246.152
315,Wait,Nobles,wnobles8q@ted.com,Male,64.95.120.242
316,Briano,Betser,bbetser8r@samsung.com,Male,175.121.23.232
317,Charley,Rigney,crigney8s@ameblo.jp,Male,8.77.205.201
318,Isiahi,Dunne,idunne8t@taobao.com,Male,7.71.191.251
319,Alford,Tiptaft,atiptaft8u@huffingtonpost.com,Male,218.210.201.20
320,Lorelei,Spelling,lspelling8v@wordpress.org,Female,205.165.77.103
321,Orelle,Losano,olosano8w@shop-pro.jp,Female,42.94.140.110
322,Anet,Habble,ahabble8x@gnu.org,Female,191.247.74.63
323,Francene,Cherm,fcherm8y@usnews.com,Genderfluid,220.87.151.83
324,Chrysa,Fleckno,cfleckno8z@feedburner.com,Female,59.96.129.80
325,Gusti,Winspare,gwinspare90@admin.ch,Female,16.69.90.106
326,Emanuele,Tommasi,etommasi91@mysql.com,Male,244.15.93.213
327,Grissel,Antonescu,gantonescu92@ycombinator.com,Polygender,235.144.125.75
328,Keefer,Van Bruggen,kvanbruggen93@weather.com,Male,37.184.79.16
329,Xymenes,Worledge,xworledge94@twitpic.com,Male,212.184.13.18
330,Gregorio,Center,gcenter95@bigcartel.com,Male,236.165.124.235
331,Loutitia,Sisnett,lsisnett96@constantcontact.com,Genderfluid,246.237.11.255
332,Ainslie,Cruickshanks,acruickshanks97@com.com,Female,22.55.110.97
333,Corine,Heisham,cheisham98@discovery.com,Genderfluid,30.45.253.49
334,Chariot,Oldcote,coldcote99@jalbum.net,Male,79.62.37.191
335,Iver,McGarrity,imcgarrity9a@homestead.com,Male,137.12.103.45
336,Donal,Cockroft,dcockroft9b@guardian.co.uk,Male,180.191.197.74
337,Guss,Witheridge,gwitheridge9c@cargocollective.com,Genderqueer,55.169.61.125
338,Freddi,McFarlane,fmcfarlane9d@cisco.com,Non-binary,71.188.153.208
339,Jedediah,Deyenhardt,jdeyenhardt9e@imageshack.us,Male,210.54.64.197
340,Karee,Aprahamian,kaprahamian9f@fastcompany.com,Female,99.107.167.24
341,Alejandrina,Johnston,ajohnston9g@technorati.com,Female,34.188.245.178
342,Wittie,Crass,wcrass9h@hatena.ne.jp,Male,195.63.77.131
343,Lotti,Gorvin,lgorvin9i@state.tx.us,Female,243.133.9.54
344,Adrienne,Monkman,amonkman9j@about.me,Female,255.96.129.64
345,Tarra,Wayman,twayman9k@state.gov,Agender,165.92.148.113
346,Ham,Licari,hlicari9l@google.com,Male,45.209.141.30
347,Linnet,Kellett,lkellett9m@clickbank.net,Female,224.231.145.255
348,Zorana,Ida,zida9n@angelfire.com,Female,158.41.102.48
349,Livvy,Bazire,lbazire9o@bloglovin.com,Female,97.248.209.213
350,Evangelin,Colton,ecolton9p@who.int,Female,31.140.251.116
351,Franklyn,Grinval,fgrinval9q@1und1.de,Male,167.223.74.174
352,Carlos,Gaymer,cgaymer9r@acquirethisname.com,Male,176.112.229.238
353,Ardine,Erni,aerni9s@va.gov,Female,33.221.92.187
354,Val,Beinisch,vbeinisch9t@about.com,Genderqueer,243.54.107.69
355,Temple,Kydde,tkydde9u@furl.net,Male,63.237.115.9
356,Lorianna,Luty,lluty9v@csmonitor.com,Female,94.175.71.172
357,Sibylle,Demongeot,sdemongeot9w@imdb.com,Female,200.237.80.66
358,Saunder,Francino,sfrancino9x@deliciousdays.com,Male,78.166.191.44
359,Lion,Rowell,lrowell9y@google.com,Male,49.70.134.175
360,Kenna,Legg,klegg9z@amazon.co.uk,Female,5.131.74.23
361,Ogdan,Sievewright,osievewrighta0@rambler.ru,Male,176.83.116.228
362,Nissa,Chafney,nchafneya1@epa.gov,Female,79.213.84.193
363,Alisha,Suerz,asuerza2@sakura.ne.jp,Female,131.139.47.141
364,Leopold,Hirtzmann,lhirtzmanna3@cocolog-nifty.com,Male,175.184.21.244
365,Frieda,Scaddon,fscaddona4@si.edu,Female,68.32.232.246
366,Kevina,Hanssmann,khanssmanna5@sourceforge.net,Female,167.185.244.118
367,Antone,Ackenhead,aackenheada6@vimeo.com,Male,182.152.94.223
368,Purcell,Pyzer,ppyzera7@yahoo.com,Genderfluid,103.112.34.190
369,Nicol,Caulliere,ncaullierea8@princeton.edu,Female,91.89.242.207
370,Derry,De Antoni,ddeantonia9@mtv.com,Male,96.154.88.189
371,Flossi,Foxley,ffoxleyaa@github.com,Female,28.241.7.166
372,Leonhard,Birchenough,lbirchenoughab@exblog.jp,Male,231.233.190.14
373,Eloisa,Whitton,ewhittonac@berkeley.edu,Female,241.177.24.229
374,Wilbur,Rableau,wrableauad@ed.gov,Male,6.185.238.61
375,Laurent,MacElroy,lmacelroyae@wunderground.com,Male,114.193.0.251
376,Karney,Blucher,kblucheraf@mapquest.com,Male,219.134.113.179
377,Wendye,Scothron,wscothronag@nsw.gov.au,Female,45.224.250.252
378,Dot,Mulholland,dmulhollandah@opensource.org,Female,50.131.106.89
379,Jessamine,Bimson,jbimsonai@bravesites.com,Non-binary,83.28.108.19
380,Blair,Bonifacio,bbonifacioaj@storify.com,Male,226.168.23.68
381,Gnni,Mayhew,gmayhewak@virginia.edu,Female,243.146.104.139
382,Harriet,Jeffries,hjeffriesal@nifty.com,Bigender,43.197.144.250
383,Rochette,Awdry,rawdryam@over-blog.com,Female,77.184.100.194
384,Ellerey,Dendon,edendonan@ca.gov,Male,200.189.151.42
385,Ray,Beningfield,rbeningfieldao@google.fr,Female,212.135.83.22
386,Godart,Osinin,gosininap@homestead.com,Male,43.170.27.214
387,Deck,Dewhurst,ddewhurstaq@digg.com,Male,242.33.6.247
388,Bernard,McSkin,bmcskinar@netscape.com,Agender,157.121.243.125
389,Greer,Rumney,grumneyas@symantec.com,Female,152.71.235.217
390,Lexie,Crombleholme,lcrombleholmeat@blog.com,Female,143.181.65.86
391,Jude,Fuente,jfuenteau@youtube.com,Male,71.214.251.228
392,Muriel,Batt,mbattav@devhub.com,Female,150.134.102.12
393,Smith,Erni,serniaw@prlog.org,Male,76.239.18.106
394,Vanna,Strevens,vstrevensax@techcrunch.com,Female,29.102.99.127
395,Rich,Eales,realesay@sohu.com,Male,214.35.241.135
396,Pavlov,Kubas,pkubasaz@tinyurl.com,Male,252.36.46.146
397,Claire,Lusher,clusherb0@ihg.com,Male,87.106.129.46
398,Alvinia,Killigrew,akilligrewb1@census.gov,Bigender,91.140.64.251
399,Fabien,Fawbert,ffawbertb2@businessweek.com,Male,44.32.235.190
400,Dillon,Dey,ddeyb3@joomla.org,Male,52.216.214.149
401,Cris,Ringe,cringeb4@who.int,Female,147.102.195.87
402,Pavlov,Babinski,pbabinskib5@tiny.cc,Genderfluid,198.38.139.28
403,Gregorio,Sandells,gsandellsb6@disqus.com,Male,157.186.80.221
404,Elisa,Parramore,eparramoreb7@behance.net,Female,105.222.0.154
405,Gillan,Mitcheson,gmitchesonb8@nature.com,Female,235.227.160.188
406,Ferne,Rushbury,frushburyb9@latimes.com,Female,36.140.132.9
407,Kissiah,O'Kielt,kokieltba@nsw.gov.au,Female,85.163.226.1
408,Jacob,Mugridge,jmugridgebb@ycombinator.com,Male,156.210.249.30
409,Frasier,Hankey,fhankeybc@chicagotribune.com,Male,110.197.125.219
410,Esdras,Darree,edarreebd@geocities.jp,Male,235.30.35.255
411,Delia,Padillo,dpadillobe@addthis.com,Female,171.101.79.118
412,Kimble,Royds,kroydsbf@google.nl,Male,164.245.46.87
413,Titus,Say,tsaybg@census.gov,Male,244.158.245.163
414,Ernst,Couche,ecouchebh@delicious.com,Male,196.244.216.46
415,Oralee,Wood,owoodbi@soundcloud.com,Agender,125.119.235.36
416,Selene,Reisin,sreisinbj@cbslocal.com,Female,155.88.183.151
417,Donnajean,Wyldbore,dwyldborebk@discuz.net,Female,24.51.26.27
418,Willie,Pleavin,wpleavinbl@ca.gov,Female,238.152.171.191
419,Robb,Marlow,rmarlowbm@flickr.com,Male,107.189.129.211
420,Johna,Fiddy,jfiddybn@msn.com,Genderqueer,32.115.247.84
421,Patrizio,Brewins,pbrewinsbo@spotify.com,Male,119.56.1.26
422,Homer,Hasely,hhaselybp@sciencedirect.com,Genderfluid,20.249.56.74
423,Biddie,Kastel,bkastelbq@weebly.com,Female,158.10.236.152
424,Nona,Farnan,nfarnanbr@indiatimes.com,Female,26.172.106.218
425,Melloney,Tewkesberrie,mtewkesberriebs@home.pl,Bigender,114.54.89.180
426,Casie,Dory,cdorybt@tamu.edu,Female,219.232.84.151
427,Adrea,Lansdown,alansdownbu@slashdot.org,Female,209.154.31.252
428,Ketty,O' Sullivan,kosullivanbv@elpais.com,Genderfluid,201.90.85.48
429,Brear,Carlin,bcarlinbw@foxnews.com,Female,253.243.7.250
430,Wilek,Rastall,wrastallbx@liveinternet.ru,Male,65.8.142.201
431,Josh,Warry,jwarryby@acquirethisname.com,Male,149.174.111.203
432,Luigi,Ary,larybz@google.com.au,Genderfluid,126.69.163.166
433,Erika,Backsal,ebacksalc0@narod.ru,Female,159.153.246.15
434,Brodie,Bleeze,bbleezec1@biglobe.ne.jp,Male,125.84.70.25
435,Lilli,Dory,ldoryc2@cam.ac.uk,Female,132.238.149.51
436,Trent,McCroary,tmccroaryc3@nasa.gov,Male,247.140.252.16
437,Gram,Booton,gbootonc4@yahoo.com,Male,168.8.114.89
438,Floyd,Wrefford,fwreffordc5@noaa.gov,Polygender,242.56.145.57
439,Iolanthe,Pergens,ipergensc6@wp.com,Female,138.10.246.55
440,Sibilla,Bridgwater,sbridgwaterc7@baidu.com,Female,212.27.61.199
441,Alene,Fossitt,afossittc8@cocolog-nifty.com,Female,227.222.189.231
442,Ashely,Provis,aprovisc9@hhs.gov,Female,131.37.205.99
443,Barrett,Lawton,blawtonca@i2i.jp,Male,115.117.20.42
444,Thurstan,Dorning,tdorningcb@sciencedaily.com,Male,20.138.232.163
445,Hersch,Bails,hbailscc@jigsy.com,Male,36.170.207.4
446,Shelley,Gonnet,sgonnetcd@skyrock.com,Male,52.108.44.97
447,Alaine,Lavender,alavenderce@squidoo.com,Female,128.144.168.154
448,Rhianon,Fold,rfoldcf@simplemachines.org,Female,120.217.185.142
449,Karalynn,Margerison,kmargerisoncg@de.vu,Female,142.135.87.127
450,Tymon,Anyon,tanyonch@themeforest.net,Male,156.86.41.18
451,Anjela,Splevings,asplevingsci@wikia.com,Female,130.246.89.116
452,Kile,Habberjam,khabberjamcj@purevolume.com,Genderfluid,229.214.251.99
453,Meghann,Smitheram,msmitheramck@posterous.com,Female,248.36.107.52
454,Adelina,Slight,aslightcl@etsy.com,Female,17.154.88.98
455,Samuel,Novakovic,snovakoviccm@si.edu,Agender,175.173.240.193
456,Davie,Perring,dperringcn@hugedomains.com,Male,160.137.145.46
457,Courtenay,Blundon,cblundonco@hp.com,Female,86.140.42.167
458,Mick,McCoid,mmccoidcp@si.edu,Male,91.246.45.25
459,Cathe,Elsmore,celsmorecq@epa.gov,Female,233.150.169.235
460,Vally,Thonger,vthongercr@uiuc.edu,Female,128.132.58.163
461,Ina,Tallow,itallowcs@cocolog-nifty.com,Female,113.12.21.2
462,Mariele,Laverty,mlavertyct@amazon.de,Female,7.119.114.223
463,Aguistin,Eadon,aeadoncu@state.gov,Bigender,95.234.130.235
464,Flemming,Norledge,fnorledgecv@bloglovin.com,Male,10.86.167.31
465,Gage,Horick,ghorickcw@zdnet.com,Male,101.112.198.20
466,Skippy,Cree,screecx@skype.com,Male,17.193.17.170
467,Walsh,Mohring,wmohringcy@stanford.edu,Male,198.38.210.108
468,Alexis,Bussetti,abussetticz@fda.gov,Female,195.171.175.66
469,Chrisy,Dugald,cdugaldd0@omniture.com,Male,242.186.124.194
470,Reinwald,Gwin,rgwind1@fastcompany.com,Male,187.133.247.148
471,Malissia,Coatts,mcoattsd2@cisco.com,Genderqueer,110.23.123.152
472,York,Currum,ycurrumd3@shop-pro.jp,Male,157.2.100.19
473,Lucia,Algy,lalgyd4@phoca.cz,Genderqueer,26.214.14.73
474,Pierson,Maps,pmapsd5@booking.com,Male,231.168.240.151
475,Doe,Myderscough,dmyderscoughd6@un.org,Female,9.136.142.113
476,Henrie,Salasar,hsalasard7@bravesites.com,Polygender,246.222.121.61
477,Dorice,Tilio,dtiliod8@usa.gov,Female,241.22.134.238
478,Kent,Cattonnet,kcattonnetd9@istockphoto.com,Male,36.30.10.119
479,Karlis,Reay,kreayda@chronoengine.com,Male,40.200.200.157
480,Elnora,Leighton,eleightondb@hc360.com,Agender,206.159.130.85
481,Odetta,Heninghem,oheninghemdc@friendfeed.com,Female,34.132.64.16
482,Mason,Greatbatch,mgreatbatchdd@java.com,Male,33.209.179.93
483,Nathanael,Dunn,ndunnde@wufoo.com,Agender,230.1.143.219
484,Taite,Nashe,tnashedf@yahoo.com,Male,19.144.68.190
485,Madelin,Vidyapin,mvidyapindg@wunderground.com,Female,167.30.80.176
486,Ivan,Petre,ipetredh@merriam-webster.com,Male,54.193.94.64
487,Catherina,Bocock,cbocockdi@istockphoto.com,Female,236.171.71.120
488,Cindee,di Rocca,cdiroccadj@tiny.cc,Genderqueer,59.19.219.9
489,Fitz,Bushell,fbushelldk@google.ru,Male,117.242.180.61
490,Guss,Chasemore,gchasemoredl@nba.com,Male,144.255.0.107
491,Vin,Southerill,vsoutherilldm@bbc.co.uk,Male,17.134.235.209
492,Rowney,Torricella,rtorricelladn@jigsy.com,Male,63.151.115.4
493,Sally,Folonin,sfolonindo@census.gov,Female,33.122.16.182
494,Kleon,Balhatchet,kbalhatchetdp@marketwatch.com,Male,195.49.152.16
495,Fitz,Innes,finnesdq@wiley.com,Male,163.214.110.191
496,Teriann,Assard,tassarddr@cnn.com,Female,104.44.37.13
497,Benedick,Dymidowicz,bdymidowiczds@latimes.com,Male,94.48.31.251
498,Darbie,McCaghan,dmccaghandt@hao123.com,Non-binary,136.156.155.246
499,Stanford,Hardwell,shardwelldu@foxnews.com,Male,190.161.49.120
500,Leyla,Hubner,lhubnerdv@statcounter.com,Female,80.147.98.44
501,Cynthia,Diaper,cdiaperdw@artisteer.com,Female,127.50.167.69
502,Kim,Evered,kevereddx@shop-pro.jp,Male,145.253.52.244
503,Tammara,Danielkiewicz,tdanielkiewiczdy@google.cn,Polygender,94.220.174.54
504,Warden,McGrorty,wmcgrortydz@cnbc.com,Male,23.199.200.209
505,Westley,Andrea,wandreae0@mit.edu,Bigender,155.97.225.166
506,Sawyer,Copnall,scopnalle1@jigsy.com,Polygender,63.46.14.6
507,Madalena,McBratney,mmcbratneye2@bluehost.com,Female,21.29.232.9
508,Gale,Gooms,ggoomse3@themeforest.net,Male,203.216.17.117
509,Selma,Conti,scontie4@fotki.com,Female,78.136.186.73
510,Blaine,Ferro,bferroe5@a8.net,Male,16.160.119.40
511,Meade,Cawt,mcawte6@comsenz.com,Female,114.103.36.84
512,Eada,Sidon,esidone7@goo.gl,Genderqueer,215.139.173.128
513,Keriann,Crossthwaite,kcrossthwaitee8@cbslocal.com,Female,69.188.233.163
514,Ephraim,Ludovici,eludovicie9@aboutads.info,Male,199.189.64.63
515,Zed,Caddens,zcaddensea@google.cn,Male,142.214.200.62
516,Gwendolin,Hupka,ghupkaeb@ovh.net,Female,93.169.97.147
517,Brook,Janota,bjanotaec@macromedia.com,Female,62.43.166.84
518,Cherin,Hooban,choobaned@seattletimes.com,Female,148.218.61.8
519,Karina,McMonnies,kmcmonniesee@sogou.com,Female,56.188.221.49
520,Padget,Kupisz,pkupiszef@youtu.be,Male,200.213.110.163
521,Inge,D' Angelo,idangeloeg@weibo.com,Female,222.181.207.33
522,Sileas,Heineken,sheinekeneh@amazonaws.com,Female,183.39.227.67
523,Alison,McFarland,amcfarlandei@engadget.com,Female,42.154.234.244
524,Bevin,Yakebowitch,byakebowitchej@delicious.com,Male,62.202.30.89
525,Odell,Ordemann,oordemannek@samsung.com,Male,79.190.60.46
526,Ebeneser,Renvoys,erenvoysel@slate.com,Male,231.113.130.98
527,Melita,Gomery,mgomeryem@topsy.com,Female,201.184.202.53
528,Roana,Desouza,rdesouzaen@apache.org,Female,243.205.174.96
529,Elisabet,Gofton,egoftoneo@goodreads.com,Female,174.151.67.57
530,Archibold,Giovanni,agiovanniep@networkadvertising.org,Male,221.127.101.192
531,Vito,Temple,vtempleeq@ca.gov,Male,2.154.36.128
532,Ferd,Bryden,fbrydener@wsj.com,Male,164.80.35.110
533,Nickolaus,Rablen,nrablenes@washingtonpost.com,Male,61.206.147.93
534,Thurston,Besantie,tbesantieet@amazon.co.uk,Male,67.236.230.60
535,Nettie,Pottie,npottieeu@discovery.com,Female,169.65.74.22
536,Godfrey,MacPaden,gmacpadenev@answers.com,Male,171.85.173.35
537,Elsey,Weekes,eweekesew@amazonaws.com,Female,35.51.245.215
538,Trescha,Walewski,twalewskiex@ox.ac.uk,Female,14.152.177.73
539,Bevan,Fazan,bfazaney@about.com,Bigender,181.111.115.190
540,Francklin,Offener,foffenerez@hatena.ne.jp,Male,202.234.247.121
541,Constantina,Lambard,clambardf0@github.com,Bigender,246.146.14.179
542,Artemus,Sikorsky,asikorskyf1@amazon.co.jp,Male,235.193.101.137
543,Boyd,O'Hannigan,bohanniganf2@tinyurl.com,Male,117.202.145.88
544,Lynna,Peacher,lpeacherf3@va.gov,Female,242.136.193.133
545,Nicoli,Samwaye,nsamwayef4@abc.net.au,Female,247.8.58.250
546,Donni,Garmon,dgarmonf5@devhub.com,Female,205.167.93.194
547,Isadore,Harcombe,iharcombef6@dailymail.co.uk,Male,13.250.204.72
548,Teddy,Yonge,tyongef7@ebay.co.uk,Male,188.186.112.66
549,Cristobal,Gook,cgookf8@chron.com,Male,124.236.204.41
550,Beilul,Geldart,bgeldartf9@utexas.edu,Female,96.242.3.239
551,Alexandra,Ormonde,aormondefa@mayoclinic.com,Female,141.133.108.68
552,Pauletta,Retallick,pretallickfb@g.co,Female,141.170.66.180
553,Ewart,Stowgill,estowgillfc@indiegogo.com,Male,127.49.104.213
554,Luise,Fulker,lfulkerfd@alibaba.com,Female,74.113.34.255
555,Mill,Godthaab,mgodthaabfe@themeforest.net,Male,71.241.89.198
556,Merle,Wren,mwrenff@nba.com,Male,214.20.184.48
557,Stearn,Garrals,sgarralsfg@mlb.com,Male,11.54.81.3
558,Augusto,Slinger,aslingerfh@prweb.com,Male,136.70.211.224
559,Terrill,Castagne,tcastagnefi@bloomberg.com,Male,45.62.55.79
560,Annaliese,Lodeke,alodekefj@flickr.com,Female,23.155.70.62
561,Hermy,Abela,habelafk@etsy.com,Polygender,149.194.200.110
562,Antone,Blaschek,ablaschekfl@51.la,Male,98.70.233.228
563,Latia,Smiley,lsmileyfm@edublogs.org,Female,154.89.27.18
564,Evvy,Raynor,eraynorfn@dailymail.co.uk,Female,1.25.123.156
565,Kiele,Windaybank,kwindaybankfo@constantcontact.com,Female,173.217.10.194
566,Filberto,Babon,fbabonfp@icq.com,Non-binary,227.184.165.33
567,Aldric,Cockren,acockrenfq@comcast.net,Male,255.158.20.186
568,Daisey,Tindle,dtindlefr@tripadvisor.com,Female,235.37.210.190
569,Hall,Stawell,hstawellfs@google.ru,Male,77.227.242.69
570,Emlyn,Gother,egotherft@huffingtonpost.com,Male,102.254.175.5
571,Elora,Arstall,earstallfu@microsoft.com,Female,76.20.233.198
572,Travus,Belchambers,tbelchambersfv@bbb.org,Male,75.52.177.192
573,Trumaine,Spirritt,tspirrittfw@constantcontact.com,Male,83.194.239.167
574,Paquito,Geane,pgeanefx@lulu.com,Male,115.185.16.15
575,Elliot,Summerley,esummerleyfy@yahoo.com,Male,253.253.4.240
576,Rolf,Effaunt,reffauntfz@163.com,Male,170.121.95.9
577,Augustina,Skey,askeyg0@ycombinator.com,Female,219.45.220.177
578,Mervin,Burlingham,mburlinghamg1@rambler.ru,Male,35.114.4.187
579,Bron,Seeborne,bseeborneg2@psu.edu,Male,35.244.164.96
580,Alvie,Dudden,aduddeng3@bizjournals.com,Male,86.55.224.80
581,Ruthann,Webby,rwebbyg4@booking.com,Female,11.20.98.119
582,Lexi,Jacqueminot,ljacqueminotg5@gizmodo.com,Female,0.57.239.216
583,Ora,Simonini,osimoninig6@census.gov,Female,175.19.249.216
584,Armando,Murrill,amurrillg7@privacy.gov.au,Male,70.132.153.115
585,Felicle,Duley,fduleyg8@infoseek.co.jp,Female,90.200.178.29
586,Angel,Dulton,adultong9@dmoz.org,Female,11.63.184.142
587,Cara,Soper,csoperga@earthlink.net,Female,202.86.255.224
588,Priscilla,Megarry,pmegarrygb@symantec.com,Female,17.108.60.227
589,Bradly,Tinline,btinlinegc@economist.com,Male,195.236.241.83
590,Germain,Alcock,galcockgd@mysql.com,Female,132.57.55.95
591,Josias,Rouch,jrouchge@ucsd.edu,Male,177.52.17.87
592,Gayelord,Sedge,gsedgegf@time.com,Genderfluid,187.126.228.155
593,Salem,Jedrzejczak,sjedrzejczakgg@dedecms.com,Male,241.64.152.16
594,Wren,Utton,wuttongh@last.fm,Female,249.71.220.214
595,Dan,Atkirk,datkirkgi@hubpages.com,Male,98.236.2.2
596,Moira,Pobjay,mpobjaygj@sun.com,Polygender,74.120.100.229
597,Reynold,Izzat,rizzatgk@telegraph.co.uk,Male,85.53.49.43
598,Ibrahim,Greenroad,igreenroadgl@theatlantic.com,Male,154.211.185.180
599,Stevy,McCumesky,smccumeskygm@yellowbook.com,Agender,134.39.216.110
600,Maye,Swanbourne,mswanbournegn@sitemeter.com,Female,174.200.160.220
601,Dick,Clarae,dclaraego@infoseek.co.jp,Male,255.195.159.69
602,Myca,Cakes,mcakesgp@washington.edu,Male,236.199.10.221
603,Darci,Maccree,dmaccreegq@webs.com,Female,153.98.117.202
604,Rosco,Rean,rreangr@geocities.jp,Male,1.67.70.232
605,Winfred,De Vere,wdeveregs@epa.gov,Male,160.146.255.9
606,Zola,Guthrum,zguthrumgt@sphinn.com,Female,190.83.44.96
607,Monty,Thorneloe,mthorneloegu@springer.com,Male,155.184.185.165
608,Lorelle,Lilywhite,llilywhitegv@digg.com,Female,89.76.162.249
609,Link,Wardel,lwardelgw@fastcompany.com,Male,155.14.100.98
610,Luther,Parradine,lparradinegx@columbia.edu,Male,148.34.125.196
611,Julina,Bray,jbraygy@ed.gov,Female,22.18.237.36
612,Lauralee,Ebbens,lebbensgz@ehow.com,Female,181.4.83.46
613,Brit,Glidder,bglidderh0@mac.com,Male,166.224.1.201
614,Orelia,Pargent,opargenth1@symantec.com,Female,32.208.204.217
615,Tabb,Webb-Bowen,twebbbowenh2@linkedin.com,Male,42.149.85.197
616,Wadsworth,Hearnes,whearnesh3@narod.ru,Polygender,34.2.91.206
617,Barbi,Diprose,bdiproseh4@shinystat.com,Female,75.125.221.183
618,Alyosha,Curgenven,acurgenvenh5@creativecommons.org,Male,247.236.136.12
619,Lorelei,Mac Giolla Pheadair,lmacgiollapheadairh6@nbcnews.com,Female,111.28.166.49
620,Ulrick,Eastop,ueastoph7@apache.org,Male,251.247.70.79
621,Josepha,Bunnell,jbunnellh8@facebook.com,Female,18.148.93.117
622,Garvy,Druett,gdruetth9@cdc.gov,Male,158.0.151.128
623,Franciska,Gaskamp,fgaskampha@patch.com,Female,60.225.38.47
624,Jess,Cogdon,jcogdonhb@ebay.com,Male,97.233.224.65
625,Phaidra,Hugonin,phugoninhc@google.ca,Female,86.112.202.223
626,Keefe,Humburton,khumburtonhd@goo.ne.jp,Male,201.147.239.13
627,Dorian,Hellicar,dhellicarhe@gnu.org,Non-binary,151.160.54.22
628,Boone,Peggs,bpeggshf@google.pl,Male,124.47.118.171
629,Saunders,Moss,smosshg@mozilla.org,Male,22.130.196.184
630,Ermina,Vela,evelahh@fda.gov,Female,58.25.187.146
631,Barrett,Giacopetti,bgiacopettihi@fema.gov,Male,57.0.24.144
632,Fran,Higgonet,fhiggonethj@engadget.com,Male,41.7.241.105
633,Nelia,Landsman,nlandsmanhk@purevolume.com,Female,102.59.156.29
634,Haslett,Bum,hbumhl@soundcloud.com,Male,156.93.248.115
635,Ardith,Prickett,apricketthm@businessweek.com,Female,116.2.234.5
636,Adriena,Blaymires,ablaymireshn@furl.net,Female,228.31.96.174
637,Meredith,Jales,mjalesho@mashable.com,Male,71.46.168.104
638,Tommy,Wark,twarkhp@reverbnation.com,Bigender,87.197.11.177
639,Ediva,Witheridge,ewitheridgehq@newsvine.com,Polygender,191.85.39.228
640,Barbee,Jerram,bjerramhr@microsoft.com,Agender,7.50.230.71
641,Maxie,Whitear,mwhitearhs@acquirethisname.com,Female,248.149.67.92
642,Artemis,Devon,adevonht@buzzfeed.com,Male,214.146.83.123
643,Maegan,Gilloran,mgilloranhu@biglobe.ne.jp,Female,50.228.187.174
644,Martainn,Kubiak,mkubiakhv@yelp.com,Male,205.253.13.97
645,Arabella,Weyman,aweymanhw@spiegel.de,Female,167.35.52.142
646,Adler,Babon,ababonhx@dailymotion.com,Male,19.61.23.23
647,Harp,Hatzar,hhatzarhy@hibu.com,Male,130.162.127.12
648,Roberta,Patmore,rpatmorehz@surveymonkey.com,Female,146.85.21.143
649,Rebecca,McGarva,rmcgarvai0@bloglovin.com,Female,146.45.81.102
650,Anne-marie,Treven,atreveni1@nationalgeographic.com,Female,137.70.231.3
651,Shem,Ferrarese,sferraresei2@ed.gov,Male,189.16.202.21
652,Joana,Busen,jbuseni3@virginia.edu,Female,83.249.196.6
653,Allissa,Grigoriev,agrigorievi4@ed.gov,Female,124.60.26.149
654,Solly,Houlworth,shoulworthi5@odnoklassniki.ru,Male,53.22.134.7
655,Meryl,Prosh,mproshi6@hud.gov,Male,150.113.243.154
656,Abelard,Ibert,aiberti7@wunderground.com,Male,234.187.121.18
657,Arte,Ninnotti,aninnottii8@sbwire.com,Bigender,32.231.159.108
658,Analiese,Scrauniage,ascrauniagei9@goo.ne.jp,Female,141.235.138.129
659,Wendall,O'Caherny,wocahernyia@sitemeter.com,Male,196.54.102.44
660,Eudora,Brise,ebriseib@stanford.edu,Female,86.110.83.184
661,Nona,Orniz,nornizic@apple.com,Female,137.196.121.144
662,Colas,Gossop,cgossopid@fema.gov,Male,174.23.67.191
663,Lindsay,Reicherz,lreicherzie@arstechnica.com,Female,33.105.161.95
664,Penrod,Brunnen,pbrunnenif@etsy.com,Male,128.45.129.138
665,Fiann,Turgoose,fturgooseig@oracle.com,Female,2.132.36.252
666,Nancey,Polley,npolleyih@unblog.fr,Female,244.7.234.117
667,Courtney,Kieran,ckieranii@elegantthemes.com,Female,143.58.150.58
668,Guilbert,O'Brollachain,gobrollachainij@springer.com,Male,160.170.212.211
669,Georgiana,Beardow,gbeardowik@go.com,Genderfluid,4.77.129.185
670,Kirsti,Trayte,ktrayteil@va.gov,Female,17.199.52.82
671,Faber,Penwell,fpenwellim@creativecommons.org,Male,12.63.93.195
672,Dode,Bruyns,dbruynsin@constantcontact.com,Female,198.170.168.119
673,Koren,Bicker,kbickerio@so-net.ne.jp,Female,38.14.23.92
674,Grange,Sollon,gsollonip@shop-pro.jp,Genderqueer,57.201.173.83
675,Smith,Alker,salkeriq@goodreads.com,Male,209.167.248.195
676,Nady,Moyne,nmoyneir@shareasale.com,Female,114.221.122.189
677,Chad,Crat,ccratis@slate.com,Male,12.118.230.217
678,Jamaal,Sturton,jsturtonit@youku.com,Male,12.100.144.115
679,Chlo,Grigor,cgrigoriu@yandex.ru,Polygender,26.14.149.232
680,Jesse,Briztman,jbriztmaniv@imgur.com,Female,74.253.188.202
681,Rip,Naton,rnatoniw@woothemes.com,Male,255.199.11.144
682,Diena,Gingles,dginglesix@dion.ne.jp,Female,195.27.215.250
683,Lani,Flatman,lflatmaniy@google.nl,Female,104.57.57.121
684,Felicle,Halling,fhallingiz@google.co.uk,Female,154.59.25.117
685,Jerry,Nichols,jnicholsj0@wikimedia.org,Polygender,74.10.221.179
686,Bennie,Heppner,bheppnerj1@soup.io,Female,110.63.176.193
687,Merrielle,Dorkin,mdorkinj2@github.io,Female,142.151.226.142
688,Harcourt,Ghirardi,hghirardij3@examiner.com,Male,70.33.201.189
689,Ranice,Digman,rdigmanj4@macromedia.com,Female,74.153.51.237
690,Charmian,Whenham,cwhenhamj5@nyu.edu,Female,196.172.212.163
691,Daune,Dawton,ddawtonj6@liveinternet.ru,Female,214.222.242.239
692,Lissi,Byles,lbylesj7@usatoday.com,Female,245.242.157.165
693,Rae,Swannick,rswannickj8@ibm.com,Female,192.125.83.27
694,Alano,Yesson,ayessonj9@shareasale.com,Male,14.163.147.146
695,Issi,Inge,iingeja@yolasite.com,Agender,96.51.136.53
696,Mile,Message,mmessagejb@wikimedia.org,Male,251.167.88.130
697,Samuel,Titford,stitfordjc@mozilla.org,Male,15.112.176.222
698,Vivianne,Poles,vpolesjd@ameblo.jp,Female,8.58.91.1
699,Tess,Hugill,thugillje@skype.com,Polygender,216.149.205.46
700,Alane,Cox,acoxjf@buzzfeed.com,Female,249.81.198.72
701,Susie,Axcel,saxceljg@bigcartel.com,Female,255.43.135.155
702,Averell,Broune,abrounejh@icq.com,Male,248.111.32.47
703,Jedidiah,Kleuer,jkleuerji@census.gov,Male,227.184.159.184
704,Vale,Benardette,vbenardettejj@fema.gov,Male,34.113.143.191
705,Kessiah,Mazonowicz,kmazonowiczjk@wikipedia.org,Female,223.2.250.181
706,Rurik,Trousdell,rtrousdelljl@parallels.com,Male,255.205.251.81
707,Humbert,Vowells,hvowellsjm@businessinsider.com,Male,237.194.208.67
708,Josefina,Klemke,jklemkejn@patch.com,Female,137.63.76.15
709,Kasper,Candy,kcandyjo@google.ru,Agender,219.84.205.198
710,Job,Coal,jcoaljp@ed.gov,Male,44.221.20.231
711,Angela,Setterthwait,asetterthwaitjq@fema.gov,Female,66.141.83.159
712,Major,O'Regan,moreganjr@berkeley.edu,Male,185.163.15.122
713,Angeline,Primett,aprimettjs@over-blog.com,Female,187.109.185.224
714,Marja,Gissing,mgissingjt@mail.ru,Agender,223.86.99.248
715,Miquela,McKoy,mmckoyju@plala.or.jp,Female,130.45.92.194
716,Aldous,Shambrooke,ashambrookejv@blinklist.com,Male,214.28.211.237
717,Peadar,Loads,ploadsjw@nytimes.com,Male,204.83.255.149
718,Rakel,Clausius,rclausiusjx@prnewswire.com,Female,109.150.252.47
719,Peterus,Osband,posbandjy@psu.edu,Male,193.109.252.26
720,Marylynne,Chetwin,mchetwinjz@jiathis.com,Female,6.174.6.176
721,Shepperd,Sweetmore,ssweetmorek0@drupal.org,Male,69.216.74.235
722,Dalenna,M'Chirrie,dmchirriek1@skype.com,Female,35.61.99.234
723,Vivian,Cleary,vclearyk2@homestead.com,Female,170.90.252.166
724,Rusty,Hammell,rhammellk3@mac.com,Male,101.137.33.186
725,Tad,Stratley,tstratleyk4@bloomberg.com,Agender,20.162.92.10
726,Mersey,Cuttle,mcuttlek5@paypal.com,Female,201.248.80.151
727,Hastings,Cettell,hcettellk6@stumbleupon.com,Male,77.19.178.130
728,Fin,Bourrel,fbourrelk7@vkontakte.ru,Male,218.58.48.102
729,Ian,Bridywater,ibridywaterk8@umich.edu,Male,23.88.99.184
730,Sukey,Guidelli,sguidellik9@ibm.com,Female,239.50.213.202
731,Hildagarde,Armin,harminka@elegantthemes.com,Non-binary,130.221.83.107
732,Meryl,Rene,mrenekb@ask.com,Male,223.243.104.174
733,Eydie,Arnely,earnelykc@pcworld.com,Female,31.134.171.204
734,Claretta,Ashment,cashmentkd@google.com,Female,178.38.13.110
735,Tiffany,Pryke,tprykeke@de.vu,Female,249.149.160.115
736,Gennie,Noyce,gnoycekf@sun.com,Female,241.253.219.90
737,Ali,Schiersch,aschierschkg@people.com.cn,Male,114.104.123.49
738,Nerita,Kubczak,nkubczakkh@cdc.gov,Female,74.162.100.174
739,Cullin,Goulston,cgoulstonki@sciencedirect.com,Male,203.100.149.252
740,Isidoro,Ashbridge,iashbridgekj@cbsnews.com,Male,72.108.208.12
741,Kalil,Goeff,kgoeffkk@goo.gl,Male,65.6.129.169
742,Kassie,Marritt,kmarrittkl@arizona.edu,Female,204.121.240.190
743,Smith,Lecordier,slecordierkm@nature.com,Male,254.114.46.130
744,Dov,Grigoroni,dgrigoronikn@harvard.edu,Male,58.152.62.202
745,Teddy,Plomer,tplomerko@wiley.com,Male,237.8.250.45
746,Winn,Farnall,wfarnallkp@fema.gov,Male,184.96.122.9
747,Lyell,Dorset,ldorsetkq@java.com,Male,220.194.139.91
748,Ermin,Wyllis,ewylliskr@squidoo.com,Male,131.143.15.206
749,Minnnie,Haigh,mhaighks@seattletimes.com,Female,27.248.166.126
750,Zeke,Peacham,zpeachamkt@psu.edu,Male,222.189.11.231
751,Luigi,Brashier,lbrashierku@odnoklassniki.ru,Male,119.219.117.193
752,Leonidas,Kehir,lkehirkv@earthlink.net,Male,161.169.123.135
753,Kiri,Fasson,kfassonkw@marketwatch.com,Female,28.43.137.203
754,Audie,Fackney,afackneykx@irs.gov,Female,174.68.48.155
755,Lydon,Megroff,lmegroffky@sohu.com,Male,124.154.249.74
756,Dyann,Shillington,dshillingtonkz@vinaora.com,Female,152.18.152.194
757,Cristi,Gleave,cgleavel0@ebay.com,Female,66.245.127.96
758,Siana,Gierke,sgierkel1@yale.edu,Female,188.187.73.228
759,Tomasina,Scally,tscallyl2@cornell.edu,Female,40.235.223.98
760,Nealy,Leverentz,nleverentzl3@odnoklassniki.ru,Male,37.36.70.49
761,Gram,Ratazzi,gratazzil4@delicious.com,Male,58.255.132.255
762,Wynn,Parrin,wparrinl5@smh.com.au,Male,131.223.150.15
763,Winthrop,Wither,wwitherl6@wikimedia.org,Male,82.243.54.244
764,Lyle,Quincee,lquinceel7@com.com,Agender,23.173.230.67
765,Rozanne,Willeman,rwillemanl8@privacy.gov.au,Female,182.7.2.24
766,Moises,Adkins,madkinsl9@accuweather.com,Bigender,201.101.69.138
767,Agna,Dommersen,adommersenla@reverbnation.com,Female,205.60.139.169
768,Garey,Houseman,ghousemanlb@edublogs.org,Male,242.55.197.128
769,Kirk,Lavall,klavalllc@tiny.cc,Male,226.30.14.79
770,Ave,Beany,abeanyld@imgur.com,Male,66.119.115.175
771,Nadia,Halegarth,nhalegarthle@qq.com,Non-binary,148.46.212.60
772,Sande,Pawels,spawelslf@taobao.com,Female,98.198.128.234
773,Oralla,Perrett,operrettlg@forbes.com,Female,241.62.163.15
774,Corie,Harvett,charvettlh@weibo.com,Female,207.57.148.39
775,Olin,Braisher,obraisherli@naver.com,Male,8.7.43.85
776,Carlotta,Abry,cabrylj@kickstarter.com,Female,85.66.207.172
777,Anson,Amoore,aamoorelk@zdnet.com,Male,64.187.102.84
778,Derrik,Lainton,dlaintonll@omniture.com,Male,39.133.15.55
779,Homere,Potes,hpoteslm@google.es,Male,214.165.155.18
780,Athena,Valler,avallerln@nytimes.com,Female,6.0.177.188
781,Theo,Patis,tpatislo@feedburner.com,Female,78.7.242.211
782,Fidel,Duff,fdufflp@goo.gl,Male,31.195.188.13
783,Ansell,Burress,aburresslq@list-manage.com,Male,44.167.105.25
784,Kelby,Kirwood,kkirwoodlr@lycos.com,Agender,114.78.85.224
785,Melamie,Staniford,mstanifordls@scientificamerican.com,Female,214.234.223.154
786,Malva,O'Cahsedy,mocahsedylt@hatena.ne.jp,Female,104.42.166.94
787,Reuven,Cottie,rcottielu@digg.com,Male,97.181.220.225
788,Cole,Malkinson,cmalkinsonlv@alibaba.com,Male,90.216.98.230
789,Meaghan,Sim,msimlw@zdnet.com,Female,176.84.188.208
790,Jamima,Prestidge,jprestidgelx@jiathis.com,Agender,166.82.87.80
791,Thaine,Thain,tthainly@simplemachines.org,Male,73.252.119.226
792,Windham,Blum,wblumlz@cdbaby.com,Male,104.68.131.70
793,Gerladina,Raynard,graynardm0@flickr.com,Polygender,13.206.57.62
794,Teddy,Bridger,tbridgerm1@github.io,Female,153.156.240.58
795,Misty,Towns,mtownsm2@hostgator.com,Female,157.185.78.230
796,Elbert,Challener,echallenerm3@sakura.ne.jp,Male,183.74.12.7
797,Vincenz,Barz,vbarzm4@bloomberg.com,Male,174.111.41.90
798,Aymer,Witherby,awitherbym5@joomla.org,Male,105.20.23.149
799,Bamby,Auden,baudenm6@apache.org,Female,203.37.28.117
800,Parnell,Webberley,pwebberleym7@google.ru,Male,105.80.240.223
801,Corilla,Sjostrom,csjostromm8@cbc.ca,Female,154.202.201.172
802,Karita,Godehard.sf,kgodehardsfm9@tuttocitta.it,Female,251.161.30.209
803,Cherilynn,Eadon,ceadonma@washington.edu,Female,137.255.90.158
804,Joscelin,Monteath,jmonteathmb@cpanel.net,Female,227.64.223.62
805,Yancey,Polhill,ypolhillmc@hubpages.com,Male,94.19.25.21
806,Cecelia,Zum Felde,czumfeldemd@php.net,Female,188.12.83.50
807,Caren,Rafe,crafeme@flavors.me,Female,189.201.14.166
808,Caesar,Dysart,cdysartmf@unblog.fr,Male,112.185.42.7
809,Allie,Bansal,abansalmg@e-recht24.de,Female,186.114.206.130
810,Toby,Margram,tmargrammh@eventbrite.com,Male,95.80.213.169
811,Dave,McIlwrick,dmcilwrickmi@phoca.cz,Male,13.66.228.17
812,Daria,Filimore,dfilimoremj@mapy.cz,Female,144.138.119.252
813,Simona,Armfirld,sarmfirldmk@trellian.com,Female,145.246.190.215
814,Melania,Brushfield,mbrushfieldml@netvibes.com,Female,144.188.158.17
815,Jean,Rushman,jrushmanmm@netlog.com,Male,102.244.109.174
816,Dion,Huckerby,dhuckerbymn@omniture.com,Male,128.162.37.158
817,Cleve,Ainsley,cainsleymo@fema.gov,Non-binary,10.3.243.93
818,Terence,Ribey,tribeymp@example.com,Male,135.185.150.17
819,Rriocard,Kenvin,rkenvinmq@wsj.com,Male,13.116.209.6
820,Caitlin,Aris,carismr@liveinternet.ru,Female,130.205.128.104
821,Patty,O'Heaney,poheaneyms@nifty.com,Female,211.70.133.185
822,Faber,Maltman,fmaltmanmt@feedburner.com,Male,8.115.251.234
823,Melloney,Reames,mreamesmu@ifeng.com,Female,84.33.158.240
824,Caitlin,Cappleman,ccapplemanmv@prlog.org,Female,136.250.40.71
825,Rodd,Cokayne,rcokaynemw@plala.or.jp,Male,123.5.218.233
826,Darline,Schimmang,dschimmangmx@ebay.com,Female,102.85.207.181
827,Roxane,Gayton,rgaytonmy@dyndns.org,Female,139.248.12.133
828,Bebe,Dyas,bdyasmz@unc.edu,Female,181.202.195.51
829,Ellissa,Flacknoe,eflacknoen0@toplist.cz,Female,129.178.150.103
830,Madeline,Simonich,msimonichn1@weebly.com,Female,7.211.71.111
831,Rozelle,Saenz,rsaenzn2@go.com,Female,18.162.89.194
832,Ilyse,Raulin,iraulinn3@canalblog.com,Genderfluid,58.86.216.62
833,Adair,Clacey,aclaceyn4@constantcontact.com,Genderfluid,15.113.193.216
834,Imogen,Goodban,igoodbann5@hp.com,Female,8.43.168.58
835,Luz,Sterndale,lsterndalen6@bigcartel.com,Female,203.132.125.197
836,Araldo,Dolle,adollen7@over-blog.com,Non-binary,182.148.199.194
837,Diane-marie,Loram,dloramn8@dot.gov,Female,80.131.122.252
838,Korrie,Backwell,kbackwelln9@t-online.de,Agender,179.197.232.217
839,Marshal,Rewcassell,mrewcassellna@goo.gl,Male,135.83.249.190
840,Maje,Harp,mharpnb@blogtalkradio.com,Male,91.29.152.89
841,Meredeth,Moulton,mmoultonnc@wisc.edu,Genderfluid,87.246.141.74
842,Odelia,Maccrie,omaccriend@topsy.com,Female,125.163.245.146
843,Albert,Tregenna,atregennane@shutterfly.com,Male,197.180.3.192
844,Kenna,Tickle,kticklenf@state.tx.us,Female,231.195.155.68
845,Coreen,Ainsbury,cainsburyng@aol.com,Female,90.110.233.214
846,Karee,Claybourn,kclaybournnh@google.fr,Female,94.130.45.219
847,Lindi,Tink,ltinkni@google.fr,Female,9.218.251.111
848,Kala,Quant,kquantnj@webmd.com,Female,15.95.59.109
849,Roderigo,Gwioneth,rgwionethnk@typepad.com,Male,108.10.119.27
850,Claire,Ostler,costlernl@pbs.org,Female,245.53.233.226
851,Janek,Aloigi,jaloiginm@last.fm,Male,5.164.132.65
852,Jacqui,Haysey,jhayseynn@upenn.edu,Female,39.143.61.2
853,Thom,Bess,tbessno@google.co.uk,Male,123.70.57.87
854,Clement,D'Orsay,cdorsaynp@ibm.com,Bigender,110.121.9.236
855,Fanchon,Bartos,fbartosnq@rambler.ru,Genderfluid,59.73.203.97
856,Chrissie,Local,clocalnr@purevolume.com,Female,30.129.78.14
857,Ax,Rugieri,arugierins@163.com,Male,183.70.150.81
858,Samantha,Shwalbe,sshwalbent@toplist.cz,Female,104.19.219.68
859,Izzy,Bansal,ibansalnu@google.ca,Male,156.240.107.47
860,Tallia,Ripsher,tripshernv@discuz.net,Female,142.183.172.211
861,Berny,Rawcliffe,brawcliffenw@foxnews.com,Male,18.161.130.137
862,Keith,McJury,kmcjurynx@ebay.co.uk,Male,21.133.155.27
863,Kasper,Dullingham,kdullinghamny@google.ru,Male,120.230.161.218
864,Maurita,Norkutt,mnorkuttnz@alexa.com,Polygender,43.117.6.8
865,Herschel,Cosin,hcosino0@yahoo.co.jp,Male,191.58.193.173
866,Dannel,MacGiolla Pheadair,dmacgiollapheadairo1@pcworld.com,Male,171.63.75.77
867,Lynnea,Scrimshaw,lscrimshawo2@weather.com,Female,180.187.111.201
868,Olav,Hugk,ohugko3@nbcnews.com,Male,100.72.196.185
869,Merola,Naris,mnariso4@people.com.cn,Genderqueer,83.5.134.105
870,Lexine,Cescotti,lcescottio5@freewebs.com,Female,31.225.33.43
871,Pepito,Sebrook,psebrooko6@mediafire.com,Male,159.235.229.0
872,Christian,Cuerdale,ccuerdaleo7@canalblog.com,Bigender,209.125.159.116
873,Diarmid,Snowball,dsnowballo8@chronoengine.com,Male,221.209.249.228
874,Marguerite,Binks,mbinkso9@wiley.com,Female,254.102.152.111
875,Penelope,Heinssen,pheinssenoa@mysql.com,Female,135.231.107.196
876,Mariette,Cheley,mcheleyob@nhs.uk,Female,193.20.119.53
877,Doyle,Coot,dcootoc@cdbaby.com,Male,228.154.216.100
878,Arron,Tupper,atupperod@imageshack.us,Male,83.252.12.1
879,Stephani,Etherton,sethertonoe@reuters.com,Female,198.70.69.170
880,Rosy,Vasyutkin,rvasyutkinof@nsw.gov.au,Female,120.163.247.71
881,Kelci,Groll,kgrollog@independent.co.uk,Female,67.131.184.50
882,Lynnett,Gogie,lgogieoh@cyberchimps.com,Female,49.212.54.106
883,Gabrila,Fell,gfelloi@purevolume.com,Female,8.235.216.152
884,Peta,Hymor,phymoroj@nationalgeographic.com,Female,181.6.227.184
885,Sidonnie,McPhillips,smcphillipsok@craigslist.org,Female,88.44.98.229
886,Reece,Voules,rvoulesol@nba.com,Male,54.107.169.43
887,Cesare,Baus,cbausom@walmart.com,Male,41.206.125.27
888,Kliment,Kubicki,kkubickion@amazon.co.jp,Male,56.108.234.141
889,Birch,Laxtonne,blaxtonneoo@goo.ne.jp,Male,229.159.60.37
890,Mart,Carrabott,mcarrabottop@netlog.com,Male,181.164.47.13
891,Edgard,Pagelsen,epagelsenoq@hexun.com,Male,92.192.200.249
892,Malinda,Tippings,mtippingsor@jimdo.com,Female,79.103.179.215
893,Cristy,Rutty,cruttyos@ovh.net,Female,144.161.130.185
894,Benetta,Soane,bsoaneot@facebook.com,Female,4.107.52.25
895,Torey,Reinmar,treinmarou@ihg.com,Male,231.5.172.122
896,Amos,Foltin,afoltinov@pbs.org,Male,179.143.108.48
897,Urbano,Obern,uobernow@toplist.cz,Male,99.175.71.123
898,Florencia,Binion,fbinionox@wiley.com,Female,199.205.181.31
899,Eddy,Fibbitts,efibbittsoy@msn.com,Female,44.70.204.114
900,Eadmund,Gawthorp,egawthorpoz@slideshare.net,Male,89.74.251.196
901,Claudian,Venditto,cvendittop0@bluehost.com,Male,179.195.150.99
902,Sanders,Teacy,steacyp1@google.co.uk,Male,37.5.207.27
903,Francesco,Klimashevich,fklimashevichp2@unc.edu,Male,200.118.194.158
904,Malia,Booty,mbootyp3@vimeo.com,Female,120.234.254.239
905,Dante,Exeter,dexeterp4@hubpages.com,Male,52.97.178.241
906,Dorian,Topliss,dtoplissp5@ucoz.ru,Male,74.81.238.5
907,Balduin,Prescott,bprescottp6@theatlantic.com,Male,243.135.169.89
908,Maryann,Pillman,mpillmanp7@howstuffworks.com,Female,81.202.80.110
909,Bogart,Hauxby,bhauxbyp8@imdb.com,Male,30.49.232.9
910,Malena,Gocher,mgocherp9@sciencedaily.com,Female,242.163.190.174
911,Lela,Mowat,lmowatpa@google.de,Female,227.205.246.186
912,Frasquito,Yuill,fyuillpb@nifty.com,Male,211.225.201.74
913,Prudy,Dobrovolny,pdobrovolnypc@360.cn,Female,70.30.82.89
914,Gordy,Dowdell,gdowdellpd@marriott.com,Male,226.79.81.68
915,Ewan,Smullin,esmullinpe@europa.eu,Male,164.119.202.247
916,Leyla,Sydall,lsydallpf@cargocollective.com,Female,9.14.95.103
917,Morgen,Bilbee,mbilbeepg@weather.com,Polygender,108.170.242.124
918,Benton,Andrick,bandrickph@fc2.com,Male,119.112.178.22
919,Adriana,Cornall,acornallpi@studiopress.com,Female,114.40.170.198
920,Gilly,Slany,gslanypj@constantcontact.com,Female,174.107.165.28
921,Toby,Thunnerclef,tthunnerclefpk@imageshack.us,Male,31.224.59.123
922,Shalne,Gillon,sgillonpl@edublogs.org,Non-binary,14.186.80.78
923,Amii,Pickring,apickringpm@cmu.edu,Female,170.212.102.26
924,Casie,Crosham,ccroshampn@topsy.com,Female,71.192.65.189
925,Boy,Banasik,bbanasikpo@pagesperso-orange.fr,Male,14.111.114.222
926,Austina,Evensden,aevensdenpp@123-reg.co.uk,Female,77.2.222.166
927,Cecelia,Teffrey,cteffreypq@ezinearticles.com,Female,196.166.111.52
928,Wilmar,Dignan,wdignanpr@hatena.ne.jp,Male,65.17.99.169
929,Carver,Gotling,cgotlingps@redcross.org,Male,172.34.38.145
930,Pammy,Bedenham,pbedenhampt@opensource.org,Female,12.135.252.88
931,Gussy,Donaghy,gdonaghypu@fda.gov,Female,159.162.75.229
932,Clim,Purvess,cpurvesspv@china.com.cn,Male,218.9.128.207
933,Nathan,Treen,ntreenpw@sohu.com,Male,91.173.156.101
934,Chilton,Labitt,clabittpx@freewebs.com,Male,41.186.229.121
935,Hildy,Jeacop,hjeacoppy@exblog.jp,Female,204.184.160.246
936,Dani,Gunda,dgundapz@nymag.com,Genderqueer,72.164.142.138
937,Hobart,Achrameev,hachrameevq0@macromedia.com,Male,141.108.29.79
938,Sibel,Whate,swhateq1@guardian.co.uk,Female,169.48.219.117
939,Ignacius,Trounce,itrounceq2@google.com,Male,68.148.51.188
940,Albie,Esparza,aesparzaq3@cargocollective.com,Male,221.240.11.40
941,Mason,Balke,mbalkeq4@privacy.gov.au,Bigender,217.44.14.187
942,Moyra,Babidge,mbabidgeq5@taobao.com,Female,205.171.136.75
943,Millicent,Chainey,mchaineyq6@hubpages.com,Female,102.97.160.134
944,Shawnee,Windebank,swindebankq7@wordpress.org,Female,219.68.77.86
945,Adams,Domeney,adomeneyq8@cnbc.com,Male,111.179.13.97
946,Gus,Shenton,gshentonq9@spotify.com,Female,82.93.57.162
947,Terrance,Heeley,theeleyqa@facebook.com,Male,215.169.115.82
948,Lazaro,Pfeifer,lpfeiferqb@earthlink.net,Male,136.147.17.207
949,Dominique,Le Friec,dlefriecqc@earthlink.net,Male,99.3.196.159
950,York,Seabridge,yseabridgeqd@icq.com,Male,202.127.164.59
951,Nikki,Cudd,ncuddqe@virginia.edu,Female,220.210.151.23
952,Babette,Haucke,bhauckeqf@huffingtonpost.com,Female,218.38.50.242
953,Pansie,McKeurtan,pmckeurtanqg@ucla.edu,Female,213.249.71.19
954,Arlina,Litt,alittqh@1688.com,Female,236.147.3.117
955,Karin,Sumsion,ksumsionqi@vimeo.com,Female,117.113.23.146
956,Thaine,Bownes,tbownesqj@nasa.gov,Male,6.138.250.150
957,Larine,Chaise,lchaiseqk@xrea.com,Female,204.31.125.99
958,Kassey,Morrison,kmorrisonql@irs.gov,Female,86.72.193.107
959,Serena,Duncklee,sdunckleeqm@bbb.org,Female,19.228.6.214
960,Lonnie,Garmey,lgarmeyqn@thetimes.co.uk,Non-binary,85.59.93.16
961,Esmaria,Limprecht,elimprechtqo@bloomberg.com,Polygender,34.30.92.11
962,Faina,Cole,fcoleqp@cdc.gov,Female,207.69.172.112
963,Maressa,Shorthill,mshorthillqq@mashable.com,Female,199.163.152.154
964,Osbourne,Clemoes,oclemoesqr@biblegateway.com,Male,12.23.114.76
965,Blythe,Clavering,bclaveringqs@live.com,Female,44.162.165.83
966,Flemming,Geaves,fgeavesqt@topsy.com,Male,19.196.38.220
967,Stanford,Richard,srichardqu@earthlink.net,Male,89.201.37.138
968,Anni,Thornhill,athornhillqv@hexun.com,Polygender,27.76.190.196
969,Ramsay,Louche,rloucheqw@state.tx.us,Male,146.137.131.217
970,Rani,Bloodworth,rbloodworthqx@ca.gov,Polygender,141.115.112.79
971,Talbot,Fairbanks,tfairbanksqy@reddit.com,Male,82.47.246.125
972,Rolfe,Tunesi,rtunesiqz@who.int,Male,76.29.155.195
973,Keely,Blasgen,kblasgenr0@springer.com,Female,236.30.101.245
974,Mallorie,Le Breton De La Vieuville,mlebretondelavieuviller1@comsenz.com,Female,86.50.227.244
975,Arvin,Maus,amausr2@cbsnews.com,Male,101.244.248.243
976,Jamaal,Brownsey,jbrownseyr3@facebook.com,Male,121.14.134.117
977,Chrystal,Thorneloe,cthorneloer4@list-manage.com,Female,68.198.86.124
978,Hailey,Pickhaver,hpickhaverr5@odnoklassniki.ru,Male,69.12.12.110
979,Mignon,MacCaughey,mmaccaugheyr6@list-manage.com,Female,14.172.226.159
980,Isabel,MacDonough,imacdonoughr7@naver.com,Female,0.125.100.12
981,Dionysus,Swatten,dswattenr8@addthis.com,Male,3.240.21.129
982,Wilone,Dyott,wdyottr9@xrea.com,Female,117.7.174.10
983,Patin,Raft,praftra@1688.com,Non-binary,199.245.88.144
984,Sibyl,Agastina,sagastinarb@booking.com,Female,184.237.156.226
985,Anne-corinne,Witheridge,awitheridgerc@networkadvertising.org,Female,55.22.160.255
986,Moishe,Cattlemull,mcattlemullrd@princeton.edu,Male,12.119.232.211
987,Dalenna,Gwillyam,dgwillyamre@about.me,Female,92.59.86.149
988,Melonie,Tyreman,mtyremanrf@jigsy.com,Female,157.102.187.31
989,Oates,Kendred,okendredrg@mit.edu,Male,133.90.191.128
990,Angelika,Zisneros,azisnerosrh@msu.edu,Female,220.174.145.82
991,Monroe,Headon,mheadonri@cyberchimps.com,Male,216.191.89.231
992,Arley,Craggs,acraggsrj@discuz.net,Male,58.81.187.9
993,Aretha,Element,aelementrk@mail.ru,Female,100.47.32.131
994,Dixie,Allpress,dallpressrl@flickr.com,Female,151.195.135.76
995,Margaretha,Fullegar,mfullegarrm@independent.co.uk,Female,149.91.211.168
996,Debora,McIlory,dmciloryrn@wordpress.org,Female,171.62.120.106
997,Dion,Lowbridge,dlowbridgero@wikia.com,Female,152.17.244.215
998,Herman,Birrane,hbirranerp@yandex.ru,Male,42.39.83.83
999,Belle,Batrim,bbatrimrq@moonfruit.com,Female,23.207.15.63
1000,Auberon,Wonfor,awonforrr@shinystat.com,Male,219.21.232.186
